<?xml version="1.0" encoding="UTF-8"?>
<project-private xmlns="http://www.netbeans.org/ns/project-private/1">
    <editor-bookmarks xmlns="http://www.netbeans.org/ns/editor-bookmarks/2" lastBookmarkId="0"/>
    <open-files xmlns="http://www.netbeans.org/ns/projectui-open-files/2">
        <group>
            <file>file:/C:/Users/MUON/Documents/NetBeansProjects/exercise06muontenazasjustin/src/exercise06muontenazasjustin/WaterType.java</file>
            <file>file:/C:/Users/MUON/Documents/NetBeansProjects/exercise06muontenazasjustin/src/exercise06muontenazasjustin/Monster.java</file>
            <file>file:/C:/Users/MUON/Documents/NetBeansProjects/exercise06muontenazasjustin/src/exercise06muontenazasjustin/Main.java</file>
            <file>file:/C:/Users/MUON/Documents/NetBeansProjects/exercise06muontenazasjustin/src/exercise06muontenazasjustin/FireType.java</file>
            <file>file:/C:/Users/MUON/Documents/NetBeansProjects/exercise06muontenazasjustin/src/exercise06muontenazasjustin/GrassType.java</file>
        </group>
    </open-files>
</project-private>
