<?xml version="1.0" encoding="UTF-8"?>
<project-private xmlns="http://www.netbeans.org/ns/project-private/1">
    <editor-bookmarks xmlns="http://www.netbeans.org/ns/editor-bookmarks/2" lastBookmarkId="0"/>
    <open-files xmlns="http://www.netbeans.org/ns/projectui-open-files/2">
        <group>
            <file>file:/C:/Users/MUON/Documents/NetBeansProjects/exercise07muontenazasjustin/src/exercise07muontenazasjustin/Main.java</file>
            <file>file:/C:/Users/MUON/Documents/NetBeansProjects/exercise07muontenazasjustin/src/exercise07muontenazasjustin/NPC.java</file>
            <file>file:/C:/Users/MUON/Documents/NetBeansProjects/exercise07muontenazasjustin/src/exercise07muontenazasjustin/Character.java</file>
            <file>file:/C:/Users/MUON/Documents/NetBeansProjects/exercise07muontenazasjustin/src/exercise07muontenazasjustin/Location.java</file>
            <file>file:/C:/Users/MUON/Documents/NetBeansProjects/exercise07muontenazasjustin/src/exercise07muontenazasjustin/Interactive.java</file>
            <file>file:/C:/Users/MUON/Documents/NetBeansProjects/exercise07muontenazasjustin/src/exercise07muontenazasjustin/Trainer.java</file>
            <file>file:/C:/Users/MUON/Documents/NetBeansProjects/exercise07muontenazasjustin/src/exercise07muontenazasjustin/Monster.java</file>
        </group>
    </open-files>
</project-private>
